{
    "valid_mail":"test1@mail.com",
    "invalid_email":"test@",
    "contact_us_success_message":"Your message has been successfully sent to our team.",
    "contact_us_error_message":"The message cannot be blank.",
    "contact_us_input_message": "Here is my message",
    "creat_an_account_error_message":"Invalid email address",
    "not_existing_email":"test@tt.tt",
    "forget_password_error_message":"There is no account registered for this email address",
    "sign_in_error_message":"Authentification failed",
    "subject_heading":"Webmaster"


    

}